word,pinyin,definition
是不是,shi4 bu4 shi4,is or isn't/yes or no/whether or not
有人,you3 ren2,someone/people/anyone/there is someone there/occupied (as in restroom)
有的,you3 de5,(there are) some (who are...)/some (exist)
他们,ta1 men5,they
人们,ren2 men5,people
我们,wo3 men5,we/us/ourselves/our
不大,bu4 da4,not very/not too/not often
大大,da4 da4,greatly/enormously/(dialect) dad/uncle
大人,da4 ren5,adult/grownup/title of respect toward superiors
中国,Zhong1 guo2,China
地上,di4 shang5,on the ground/on the floor
来到,lai2 dao4,to come/to arrive
以上,yi3 shang4,that level or higher/that amount or more/the above-mentioned/(used to indicate that one has completed one's remarks) That is all.
有时,you3 shi2,sometimes/now and then
这时,zhe4 shi2,at this time/at this moment
不要,bu4 yao4,don't!/must not
就要,jiu4 yao4,will/shall/to be going to
出国,chu1 guo2,to go abroad; to leave the country
出来,chu1 lai2,to come out/to appear/to arise
出来,chu5 lai5,"(after a verb, indicates coming out, completion of an action, or ability to discern or detect)"
不一会,bu4 yi1 hui4,soon
一会,yi1 hui4,a moment/a while/in a moment/also pr. [yi1 hui3]
可以,ke3 yi3,can/may/possible/able to/not bad/pretty good
可是,ke3 shi4,but; however/(used for emphasis) indeed
你们,ni3 men5,you (plural)
不对,bu4 dui4,incorrect/wrong/amiss/abnormal/queer
出生,chu1 sheng1,to be born
一生,yi1 sheng1,all one's life; throughout one's life
可能,ke3 neng2,might (happen)/possible/probable/possibility/probability/maybe/perhaps/CL:個|个[ge4]
那时,na4 shi2,then/at that time/in those days
得出,de2 chu1,to obtain (results)/to arrive at (a conclusion)
得到,de2 dao4,to get/to obtain/to receive
以下,yi3 xia4,that level or lower/that amount or less/the following
一下,yi1 xia4,(used after a verb) give it a go/to do (sth for a bit to give it a try)/one time/once/in a while/all of a sudden/all at once
来自,lai2 zi4,to come from (a place)/From: (in email header)
中年,zhong1 nian2,middle age
过年,guo4 nian2,to celebrate the Chinese New Year
不过,bu4 guo4,only/merely/no more than/but/however/anyway (to get back to a previous topic)/cannot be more (after adjectival)
过来,guo4 lai2,to come over/to manage/to handle/to be able to take care of
过来,guo4 lai5,see 過來|过来[guo4 lai2]
出发,chu1 fa1,to set off/to start (on a journey)
后来,hou4 lai2,afterwards; later/newly arrived
以后,yi3 hou4,after/later/afterwards/following/later on/in the future
作为,zuo4 wei2,one's conduct/deed/activity/accomplishment/achievement/to act as/as (in the capacity of)/qua/to view as/to look upon (sth as)/to take sth to be
这里,zhe4 li3,variant of 這裡|这里[zhe4 li3]
这里,zhe4 li3,here
不用,bu4 yong4,need not
有用,you3 yong4,useful
作用,zuo4 yong4,"to act on/to affect/action/function/activity/impact/result/effect/purpose/intent/(suffix) -ation, -tion etc, as in 抑制作用[yi4 zhi4 zuo4 yong4], inhibition"
行人,xing2 ren2,pedestrian/traveler on foot/passer-by/official responsible for arranging audiences with the emperor
不行,bu4 xing2,won't do/be out of the question/be no good/not work/not be capable
行为,xing2 wei2,action/conduct/behavior/activity
所以,suo3 yi3,therefore/as a result/so/the reason why
所有,suo3 you3,all/to have; to possess; to own
大自然,da4 zi4 ran2,nature (the natural world)
然后,ran2 hou4,then; after that; afterwards
家里,jia1 li3,home
在家,zai4 jia1,to be at home/(at a workplace) to be in (as opposed to being away on official business 出差[chu1 chai1])/(Buddhism etc) to remain a layman (as opposed to becoming a monk or a nun 出家[chu1 jia1])
作家,zuo4 jia1,"author/CL:個|个[ge4],位[wei4]"
大家,da4 jia1,everyone/influential family/great expert
家人,jia1 ren2,family member/(old) servant
国家,guo2 jia1,country; nation; state/CL:個|个[ge4]
成为,cheng2 wei2,to become; to turn into
地方,di4 fang1,region/regional (away from the central administration)/local
地方,di4 fang5,"area/place/space/room/territory/CL:處|处[chu4],個|个[ge4],塊|块[kuai4]"
经过,jing1 guo4,to pass/to go through/process/course/CL:個|个[ge4]
这么,zhe4 me5,so much/this much/how much?/this way/like this
那么,na4 me5,like that/in that way/or so/so/so very much/about/in that case
多么,duo1 me5,how (wonderful etc)/what (a great idea etc)/however (difficult it may be etc)/(in interrogative sentences) how (much etc)/to what extent
出去,chu1 qu4,to go out
过去,guo4 qu4,(in the) past/former/previous/to go over/to pass by
过去,guo4 qu5,(verb suffix)
去年,qu4 nian2,last year
方法,fang1 fa3,method/way/means/CL:個|个[ge4]
中学生,zhong1 xue2 sheng1,middle-school student/high school student
大学生,da4 xue2 sheng1,university student/college student
上学,shang4 xue2,to go to school/to attend school
大学,Da4 xue2,"the Great Learning, one of the Four Books 四書|四书[Si4 shu1] in Confucianism"
大学,da4 xue2,university/college/CL:所[suo3]
学生,xue2 sheng5,student/schoolchild
中学,zhong1 xue2,middle school/CL:個|个[ge4]
不如,bu4 ru2,not equal to/not as good as/inferior to/it would be better to
同学,tong2 xue2,"to study at the same school/fellow student/classmate/CL:位[wei4],個|个[ge4]"
不同,bu4 tong2,different/distinct/not the same/not alike
现在,xian4 zai4,now/at present/at the moment/modern/current/nowadays
出现,chu1 xian4,to appear/to arise/to emerge/to show up
发现,fa1 xian4,to notice; to become aware of/to discover; to find; to detect/a discovery
当时,dang1 shi2,then/at that time/while
当时,dang4 shi2,at once/right away
没有,mei2 you3,haven't/hasn't/doesn't exist/to not have/to not be
没事,mei2 shi4,it's not important/it's nothing/never mind/to have nothing to do/to be free/to be all right (out of danger or trouble)
动作,dong4 zuo4,movement; motion; action (CL:個|个[ge4])/to act; to move
行动,xing2 dong4,operation/action/CL:個|个[ge4]/to move about/mobile
方面,fang1 mian4,respect/aspect/field/side/CL:個|个[ge4]
对面,dui4 mian4,(sitting) opposite/across (the street)/directly in front/to be face to face
起来,qi3 lai5,to stand up/to get up/also pr. [qi3 lai2]
起来,qi5 lai5,"(after a verb) indicating the beginning and continuation of an action or a state/indicating an upward movement (e.g. after 站[zhan4])/indicating completion/(after a perception verb, e.g. 看[kan4]) expressing preliminary judgment/also pr. [qi3 lai5]"
一起,yi1 qi3,in the same place/together/with/altogether (in total)
对不起,dui4 bu5 qi3,I'm sorry; excuse me; I beg your pardon/to let (sb) down; to disappoint
看法,kan4 fa3,way of looking at a thing/view/opinion/CL:個|个[ge4]
看到,kan4 dao4,to see
不一定,bu4 yi1 ding4,not necessarily/maybe
一定,yi1 ding4,surely/certainly/necessarily/fixed/a certain (extent etc)/given/particular/must
天上,tian1 shang4,celestial/heavenly
后天,hou4 tian1,"the day after tomorrow/life after birth (the period in which one develops through experiences, contrasted with 先天[xian1 tian1])/acquired (not innate or congenital)/a posteriori"
还有,hai2 you3,furthermore/in addition/still/also
还是,hai2 shi5,still (as before)/had better/unexpectedly/or
进来,jin4 lai2,to come in
进行,jin4 xing2,to advance/to conduct/underway/in progress/to do/to carry out/to carry on/to execute
进去,jin4 qu4,to go in
好事,hao3 shi4,"good action, deed, thing or work (also sarcastic, ""a fine thing indeed"")/charity/happy occasion/Daoist or Buddhist ceremony for the souls of the dead"
好事,hao4 shi4,to be meddlesome
好多,hao3 duo1,many/quite a lot/much better
好人,hao3 ren2,"good person/healthy person/person who tries not to offend anyone, even at the expense of principle"
好看,hao3 kan4,"good-looking/nice-looking/good (of a movie, book, TV show etc)/embarrassed/humiliated"
小学生,xiao3 xue2 sheng1,"primary school student/schoolchild/CL:個|个[ge4],名[ming2]/(fig.) beginner"
小学,xiao3 xue2,elementary school; primary school
大小,da4 xiao3,dimension/magnitude/size/measurement/large and small/at any rate/adults and children/consideration of seniority
小时,xiao3 shi2,hour/CL:個|个[ge4]
中小学,zhong1 xiao3 xue2,middle and elementary school
大部分,da4 bu4 fen5,in large part/the greater part/the majority
部分,bu4 fen5,part/share/section/piece/CL:個|个[ge4]
一部分,yi1 bu4 fen5,portion/part of/subset
其他,qi2 ta1,other/(sth or sb) else/the rest
其中,qi2 zhong1,among/in/included among these
有些,you3 xie1,some/somewhat
这些,zhe4 xie1,these
一些,yi1 xie1,some/a few/a little/(following an adjective) slightly ...er
那些,na4 xie1,those
主要,zhu3 yao4,main/principal/major/primary
一样,yi1 yang4,same/like/equal to/the same as/just like
这样,zhe4 yang4,this kind of/so/this way/like this/such
那样,na4 yang4,that kind/that sort
样子,yang4 zi5,appearance/manner/pattern/model
经理,jing1 li3,"manager/director/CL:個|个[ge4],位[wei4],名[ming2]"
道理,dao4 li5,reason/argument/sense/principle/basis/justification/CL:個|个[ge4]
中心,zhong1 xin1,center/heart/core/CL:個|个[ge4]
她们,ta1 men5,they/them (for females)
本子,ben3 zi5,"book/notebook/Japanese-style self-published comic (esp. an erotic one), aka ""dōjinshi""/CL:本[ben3]/edition"
前天,qian2 tian1,the day before yesterday
以前,yi3 qian2,before/formerly/previous/ago
面前,mian4 qian2,in front of/facing/(in the) presence (of)
开学,kai1 xue2,foundation of a University or College/school opening/the start of a new term
开心,kai1 xin1,to feel happy/to rejoice/to have a great time/to make fun of sb
分开,fen1 kai1,to separate/to part
开会,kai1 hui4,to hold a meeting/to attend a meeting
不但,bu4 dan4,not only (... but also ...)
但是,dan4 shi4,but; however
因为,yin1 wei4,because/owing to/on account of
只能,zhi3 neng2,can only/obliged to do sth/to have no other choice
只要,zhi3 yao4,if only/so long as
从小,cong2 xiao3,from childhood/from a young age
理想,li3 xiang3,an ideal/a dream/ideal/perfect
实现,shi2 xian4,to achieve/to implement/to realize/to bring about
实在,shi2 zai4,really/actually/indeed/true/real/honest/dependable/(philosophy) reality
生日,sheng1 ri4,birthday/CL:個|个[ge4]
日子,ri4 zi5,day/a (calendar) date/days of one's life
它们,ta1 men5,they (for inanimate objects)
家长,jia1 zhang3,head of a household/family head/patriarch/parent or guardian of a child
长大,zhang3 da4,to grow up
开机,kai1 ji1,to start an engine/to boot up (a computer)/to press Ctrl-Alt-Delete/to begin shooting a film or TV show
机会,ji1 hui4,opportunity/chance/occasion/CL:個|个[ge4]
十分,shi2 fen1,very/completely/utterly/extremely/absolutely/hundred percent/to divide into ten equal parts
公里,gong1 li3,kilometer
已经,yi3 jing1,already
工作,gong1 zuo4,"to work/(of a machine) to operate/job/work/task/CL:個|个[ge4],份[fen4],項|项[xiang4]"
工人,gong1 ren2,"worker/CL:個|个[ge4],名[ming2]"
使用,shi3 yong4,to use/to employ/to apply/to make use of
事情,shi4 qing5,"affair/matter/thing/business/CL:件[jian4],樁|桩[zhuang1]"
明年,ming2 nian2,next year
说明,shuo1 ming2,to explain/to illustrate/to indicate/to show/to prove/explanation/directions/caption/CL:個|个[ge4]
明天,ming2 tian1,tomorrow
知道,zhi1 dao4,to know; to become aware of/also pr. [zhi1 dao5]
全国,quan2 guo2,whole nation/nationwide/countrywide/national
全家,quan2 jia1,whole family
全部,quan2 bu4,whole; all
全年,quan2 nian2,the whole year/all year long
关上,guan1 shang4,"to close (a door)/to turn off (light, electrical equipment etc)"
关机,guan1 ji1,to turn off (a machine or device)/to finish shooting a film
关心,guan1 xin1,to be concerned about/to care about
有一点,you3 yi1 dian3,a little; somewhat
一点,yi1 dian3,a bit/a little/one dot/one point
一点点,yi1 dian3 dian3,a little bit
地点,di4 dian3,place/site/location/venue/CL:個|个[ge4]
正好,zheng4 hao3,just (in time)/just right/just enough/to happen to/to chance to/by chance/it just so happens that
正是,zheng4 shi4,(emphasizes that sth is precisely or exactly as stated)/precisely/exactly/even/if/just like/in the same way as
正在,zheng4 zai4,just at (that time)/right in (that place)/right in the middle of (doing sth)
外国,wai4 guo2,foreign (country)/CL:個|个[ge4]
国外,guo2 wai4,abroad/external (affairs)/overseas/foreign
以外,yi3 wai4,apart from/other than/except for/external/outside of/on the other side of/beyond
高中,gao1 zhong1,senior high school/abbr. for 高級中學|高级中学[gao1 ji2 zhong1 xue2]
高中,gao1 zhong4,to pass brilliantly (used in congratulatory fashion)
时间,shi2 jian1,time/period/CL:段[duan4]
中间,zhong1 jian1,the middle; the inside/in the middle; within; between; among/during; in the meantime
自由,zi4 you2,freedom; liberty/free; unrestricted/CL:種|种[zhong3]
最好,zui4 hao3,best/(you) had better (do what we suggest)
最后,zui4 hou4,final/last/finally/ultimate
重点,chong2 dian3,to recount (e.g. results of election)/to re-evaluate
重点,zhong4 dian3,important point; main point; focus/key (project etc)/to focus on; to put the emphasis on
重要,zhong4 yao4,important/significant/major
动物,dong4 wu4,"animal/CL:隻|只[zhi1],群[qun2],個|个[ge4]"
手机,shou3 ji1,"cell phone/mobile phone/CL:部[bu4],支[zhi1]"
方向,fang1 xiang4,direction; orientation/CL:個|个[ge4]
点头,dian3 tou2,to nod
里头,li3 tou5,inside/interior
中文,Zhong1 wen2,Chinese language
作文,zuo4 wen2,to write an essay/composition (student essay)/CL:篇[pian1]
全体,quan2 ti3,all/entire
看见,kan4 jian4,to see/to catch sight of
见面,jian4 mian4,to meet; to see each other/CL:次[ci4]
意见,yi4 jian4,"idea/opinion/suggestion/objection/complaint/CL:點|点[dian3],條|条[tiao2]"
见到,jian4 dao4,to see
没什么,mei2 shen2 me5,nothing/it doesn't matter/it's nothing/never mind
什么样,shen2 me5 yang4,what kind?; what sort?
什么,shen2 me5,what?/something/anything
等于,deng3 yu2,to equal/to be tantamount to
等到,deng3 dao4,to wait until/by the time when (sth is ready etc)
或者,huo4 zhe3,or/possibly; maybe; perhaps
重新,chong2 xin1,again; once more; re-
新年,xin1 nian2,New Year/CL:個|个[ge4]
自己,zi4 ji3,oneself/one's own
身上,shen1 shang5,on the body/at hand/among
全身,quan2 shen1,the whole body/(typography) em
身体,shen1 ti3,"the body/one's health/CL:具[ju4],個|个[ge4]/in person"
如果,ru2 guo3,if/in case/in the event that
的话,de5 hua4,if (coming after a conditional clause)
说话,shuo1 hua4,to speak/to say/to talk/to gossip/to tell stories/talk/word
对话,dui4 hua4,to talk (with sb)/dialogue; conversation
回来,hui2 lai5,to return/to come back
回到,hui2 dao4,to return to
回国,hui2 guo2,to return to one's home country
回去,hui2 qu5,to return/to go back
回家,hui2 jia1,to return home
信心,xin4 xin1,confidence/faith (in sb or sth)/CL:個|个[ge4]
手表,shou3 biao3,"wristwatch/CL:塊|块[kuai4],隻|只[zhi1],個|个[ge4]"
老年,lao3 nian2,elderly/old age/autumn of one's years
老人,lao3 ren2,old man or woman/the elderly/one's aged parents or grandparents
下次,xia4 ci4,next time
上次,shang4 ci4,last time
大门,Da4 men2,"the Doors, US rock band"
大门,da4 men2,entrance/door/gate/large and influential family
出门,chu1 men2,to go out/to leave home/to go on a journey/away from home/(of a woman) to get married
主任,zhu3 ren4,director/head/CL:個|个[ge4]
常用,chang2 yong4,in common usage
正常,zheng4 chang2,regular/normal/ordinary
常见,chang2 jian4,commonly seen/common/to see sth frequently
经常,jing1 chang2,frequently; constantly; regularly; often/day-to-day; everyday; daily
常常,chang2 chang2,frequently/often
先生,xian1 sheng5,teacher/gentleman; sir; mister (Mr.)/husband/(dialect) doctor/CL:位[wei4]
大海,da4 hai3,sea/ocean
教学,jiao1 xue2,to teach (as a professor)
教学,jiao4 xue2,"teaching/instruction/CL:門|门[men2],個|个[ge4]"
儿子,er2 zi5,son
原因,yuan2 yin1,cause/origin/root cause/reason/CL:個|个[ge4]
原来,yuan2 lai2,"original/former/originally/formerly/at first/so, actually, as it turns out"
东方,Dong1 fang1,the East/the Orient/two-character surname Dongfang
东方,dong1 fang1,east
东西,dong1 xi1,east and west
东西,dong1 xi5,"thing/stuff/person/CL:個|个[ge4],件[jian4]"
大声,da4 sheng1,loud voice/in a loud voice/loudly
提到,ti2 dao4,to mention/to raise (a subject)/to refer to
提高,ti2 gao1,to raise/to increase/to improve
提出,ti2 chu1,to raise (an issue)/to propose/to put forward/to suggest/to post (on a website)/to withdraw (cash)
比如,bi3 ru2,for example/for instance/such as
比如说,bi3 ru2 shuo1,for example
水果,shui3 guo3,fruit/CL:個|个[ge4]
有名,you3 ming2,famous/well-known
真正,zhen1 zheng4,genuine; real; true/really; indeed
到处,dao4 chu4,everywhere
好处,hao3 chu3,easy to get along with
好处,hao3 chu5,benefit; advantage; merit/gain; profit/also pr. [hao3 chu4]
走进,zou3 jin4,to enter
走过,zou3 guo4,to walk past/to pass by
走开,zou3 kai1,to leave/to walk away/to beat it/to move aside
进入,jin4 ru4,to enter/to join/to go into
入口,ru4 kou3,entrance/to import
人口,ren2 kou3,population/people
门口,men2 kou3,doorway/gate/CL:個|个[ge4]
出口,chu1 kou3,an exit/CL:個|个[ge4]/to speak/to export/(of a ship) to leave port
认真,ren4 zhen1,conscientious/earnest/serious/to take seriously/to take to heart
认为,ren4 wei2,to believe; to think; to consider; to feel
面条,mian4 tiao2,noodles
水平,shui3 ping2,level (of achievement etc)/standard/horizontal
平等,ping2 deng3,equal/equality
平时,ping2 shi2,ordinarily/in normal times/in peacetime
公平,gong1 ping2,fair/impartial
平常,ping2 chang2,ordinary/common/usually/ordinarily
没关系,mei2 guan1 xi5,it doesn't matter
天气,tian1 qi4,weather
生气,sheng1 qi4,to get angry/to take offense/angry/vitality/liveliness
活动,huo2 dong4,"to exercise/to move about/to operate/to use connections (personal influence)/loose/shaky/active/movable/activity/campaign/maneuver/behavior/CL:項|项[xiang4],個|个[ge4]"
生活,sheng1 huo2,to live/life/livelihood
别的,bie2 de5,else/other
别人,bie2 ren5,other people; others; other person
特别,te4 bie2,unusual; special/very; especially; particularly/expressly; for a specific purpose/(often followed by 是[shi4]) in particular
打工,da3 gong1,"to work a temporary or casual job/(of students) to have a job outside of class time, or during vacation"
打开,da3 kai1,to open/to show (a ticket)/to turn on/to switch on
女人,nu:3 ren2,woman
女人,nu:3 ren5,wife
女生,nu:3 sheng1,schoolgirl/female student/girl
女儿,nu:3 er2,daughter
变成,bian4 cheng2,to change into/to turn into/to become
电话,dian4 hua4,telephone/CL:部[bu4]/phone call/CL:通[tong1]/phone number
打电话,da3 dian4 hua4,to make a telephone call
大多数,da4 duo1 shu4,(great) majority
多数,duo1 shu4,majority; most
分数,fen1 shu4,(exam) grade/mark/score/fraction
人数,ren2 shu4,number of people
安全,an1 quan2,safe; secure/safety; security
平安,ping2 an1,safe and sound/well/without mishap/quiet and safe/at peace
少年,shao4 nian2,early youth/youngster/(literary) youth/young man
多少,duo1 shao3,number/amount/somewhat
多少,duo1 shao5,"how much?/how many?/(phone number, student ID etc) what number?"
少数,shao3 shu4,small number/few/minority
不少,bu4 shao3,many/a lot/not few
报名,bao4 ming2,to sign up/to enter one's name/to apply/to register/to enroll/to enlist
日报,ri4 bao4,daily newspaper
结果,jie1 guo3,to bear fruit/CL:個|个[ge4]
结果,jie2 guo3,outcome/result/conclusion/in the end/as a result/to kill/to dispatch
目的,mu4 di4,purpose; aim; goal; target; objective/CL:個|个[ge4]
太太,tai4 tai5,"married woman/Mrs./Madam/wife/CL:個|个[ge4],位[wei4]"
大量,da4 liang4,great amount/large quantity/bulk/numerous/generous/magnanimous
再见,zai4 jian4,goodbye/see you again later
感到,gan3 dao4,to feel; to sense; to perceive
感动,gan3 dong4,to move (sb)/to touch (sb emotionally)/moving
做法,zuo4 fa3,way of handling sth/method for making/work method/recipe/practice/CL:個|个[ge4]
做到,zuo4 dao4,to accomplish/to achieve
接下来,jie1 xia4 lai2,to accept/to take/next/following
接到,jie1 dao4,to receive (letter etc)
接受,jie1 shou4,to accept/to receive
接着,jie1 zhe5,to catch and hold on/to continue/to go on to do sth/to follow/to carry on/then/after that/subsequently/to proceed/to ensue/in turn/in one's turn
机场,ji1 chang3,"airport; airfield/(slang) service provider for Shadowsocks or similar software for circumventing Internet censorship/CL:家[jia1],處|处[chu4]"
条件,tiao2 jian4,condition; circumstance; term; factor/requirement; prerequisite; qualification/situation; state; condition/CL:個|个[ge4]
学期,xue2 qi1,term/semester/CL:個|个[ge4]
日期,ri4 qi1,date/CL:個|个[ge4]
市长,shi4 zhang3,mayor
一直,yi1 zhi2,straight (in a straight line)/continuously; always; all the way through
直接,zhi2 jie1,direct (opposite: indirect 間接|间接[jian4 jie1])/immediate/straightforward
也许,ye3 xu3,perhaps/maybe
许多,xu3 duo1,many/a lot of/much
队长,dui4 zhang3,captain/team leader/CL:個|个[ge4]
方便面,fang1 bian4 mian4,instant noodles
空气,kong1 qi4,air/atmosphere
有空,you3 kong4,to have time (to do sth)
马上,ma3 shang4,at once/right away/immediately/on horseback (i.e. by military force)
科学,ke1 xue2,"science/scientific knowledge/scientific/rational/CL:門|门[men2],個|个[ge4],種|种[zhong3]"
公司,gong1 si1,company; firm; corporation/CL:家[jia1]
司机,si1 ji1,chauffeur/driver/CL:個|个[ge4]
非常,fei1 chang2,very; really/unusual; extraordinary
听见,ting1 jian4,to hear
听到,ting1 dao4,to hear
好听,hao3 ting1,pleasant to hear
明白,ming2 bai5,clear/obvious/unequivocal/to understand/to realize
白天,bai2 tian1,daytime/during the day/day/CL:個|个[ge4]
放学,fang4 xue2,to dismiss students at the end of the school day
放心,fang4 xin1,to feel relieved/to feel reassured/to be at ease
放下,fang4 xia4,to lay down/to put down/to let go of/to relinquish/to set aside/to lower (the blinds etc)
好像,hao3 xiang4,as if/to seem like
难听,nan2 ting1,unpleasant to hear/coarse/vulgar/offensive/shameful
难过,nan2 guo4,to feel sad/to feel unwell/(of life) to be difficult
难题,nan2 ti2,difficult problem
难看,nan2 kan4,ugly/unsightly
难受,nan2 shou4,to feel unwell/to suffer pain/to be difficult to bear
而且,er2 qie3,(not only ...) but also/moreover/in addition/furthermore
意思,yi4 si5,"idea/opinion/meaning/wish/desire/interest/fun/token of appreciation, affection etc/CL:個|个[ge4]/to give as a small token/to do sth as a gesture of goodwill etc"
不好意思,bu4 hao3 yi4 si5,to feel embarrassed/to find it embarrassing/to be sorry (for inconveniencing sb)
有意思,you3 yi4 si5,interesting/meaningful/enjoyable/fun
公路,gong1 lu4,highway/road/CL:條|条[tiao2]
路口,lu4 kou3,crossing/intersection (of roads)
路上,lu4 shang5,on the road/on a journey/road surface
道路,dao4 lu4,road/path/way/CL:條|条[tiao2]
一路平安,yi1 lu4 ping2 an1,to have a pleasant journey/Bon voyage!
走路,zou3 lu4,to walk/to go on foot
马路,ma3 lu4,street/road/CL:條|条[tiao2]
记得,ji4 de5,to remember
南方,nan2 fang1,south/the southern part of the country/the South
东南,dong1 nan2,southeast
记住,ji4 zhu5,to remember/to bear in mind/to learn by heart
要求,yao1 qiu2,to request/to require/requirement/to stake a claim/to ask/to demand/CL:點|点[dian3]
东北,Dong1 bei3,Northeast China/Manchuria
东北,dong1 bei3,northeast
北方,bei3 fang1,north/the northern part a country/China north of the Yellow River
上边,shang4 bian5,the top/above/overhead/upwards/the top margin/above-mentioned/those higher up
路边,lu4 bian1,curb; roadside; wayside
后边,hou4 bian5,the back; the rear; the last bit/behind; near the end; at the back/later; afterwards
前边,qian2 bian5,front/the front side/in front of
西边,xi1 bian1,west/west side/western part/to the west of
南边,nan2 bian5,south/south side/southern part/to the south of
一边,yi1 bian1,one side/either side/on the one hand/on the other hand/doing while
这边,zhe4 bian1,this side/here
外边,wai4 bian5,outside/outer surface/abroad/place other than one's home
那边,na4 bian5,over there/yonder
下边,xia4 bian5,under/the underside/below
北边,bei3 bian1,north/north side/northern part/to the north of
东边,dong1 bian5,east/east side/eastern part/to the east of
里边,li3 bian5,inside
身边,shen1 bian1,at one's side/on hand
海边,hai3 bian1,coast/seaside/seashore/beach
应该,ying1 gai1,ought to/should/must
交通,jiao1 tong1,to be connected/traffic/transportation/communications/liaison
交给,jiao1 gei3,to give; to deliver; to hand over
取得,qu3 de2,to acquire; to get; to obtain
格子,ge2 zi5,lattice/check (pattern of squares)
感觉,gan3 jue2,feeling; impression; sensation/to feel; to perceive
觉得,jue2 de5,to think that ...; to feel that .../to feel (uncomfortable etc)
一共,yi1 gong4,altogether
正确,zheng4 que4,correct; sound; right; proper
教师,jiao4 shi1,teacher/CL:個|个[ge4]
老师,lao3 shi1,"teacher/CL:個|个[ge4],位[wei4]"
观点,guan1 dian3,point of view/viewpoint/standpoint/CL:個|个[ge4]
今天,jin1 tian1,today/at the present/now
今后,jin1 hou4,hereafter/henceforth/in the future/from now on
今年,jin1 nian2,this year
院长,yuan4 zhang3,the head of an institution whose name ends in 院[yuan4]/chair of a board/president of a university/department head/dean/premier of the Republic of China/CL:個|个[ge4]
学院,xue2 yuan4,college/educational institute/school/faculty/CL:所[suo3]
出院,chu1 yuan4,to leave hospital/to be discharged from hospital
院子,yuan4 zi5,courtyard/garden/yard/patio/CL:個|个[ge4]/(old) servant
住院,zhu4 yuan4,to be in hospital/to be hospitalized
知识,zhi1 shi5,knowledge/CL:門|门[men2]/intellectual
认识,ren4 shi5,to know/to recognize/to be familiar with/to get acquainted with sb/knowledge/understanding/awareness/cognition
那时候,na4 shi2 hou5,at that time
时候,shi2 hou5,time/length of time/moment/period
有时候,you3 shi2 hou5,sometimes
带来,dai4 lai2,to bring/(fig.) to bring about; to produce
运动,yun4 dong4,to move/to exercise/sports/exercise/motion/movement/campaign/CL:場|场[chang3]
起飞,qi3 fei1,(of an aircraft) to take off
飞机,fei1 ji1,airplane/CL:架[jia4]
改变,gai3 bian4,to change/to alter/to transform
收到,shou1 dao4,to receive
收入,shou1 ru4,"to take in/income/revenue/CL:筆|笔[bi3],個|个[ge4]"
干活,gan4 huo2,to work/to be employed
干什么,gan4 shen2 me5,what are you doing?/what's he up to?
组成,zu3 cheng2,to form/to make up/to constitute
组长,zu3 zhang3,group leader
下车,xia4 che1,"to get off or out of (a bus, train, car etc)"
公交车,gong1 jiao1 che1,public transport vehicle/town bus/CL:輛|辆[liang4]
自行车,zi4 xing2 che1,bicycle; bike/CL:輛|辆[liang4]
开车,kai1 che1,to drive a car
上车,shang4 che1,"to get on or into (a bus, train, car etc)"
打车,da3 che1,to take a taxi (in town)/to hitch a lift
服务,fu2 wu4,to serve/service/CL:項|项[xiang4]
快要,kuai4 yao4,nearly at the point of (doing sth); about to (do sth)
快点,kuai4 dian3,to do sth more quickly/Hurry up!/Get a move on!
办法,ban4 fa3,"means/method/way (of doing sth)/CL:條|条[tiao2],個|个[ge4]"
英文,Ying1 wen2,English (language)
最近,zui4 jin4,recently/soon/nearest
准确,zhun3 que4,accurate; exact; precise
怎么样,zen3 me5 yang4,how?/how about?/how was it?/how are things?
怎样,zen3 yang4,how/what kind
怎么,zen3 me5,how?/what?/why?
怎么,zen3 me5,variant of 怎麼|怎么[zen3 me5]
怎么办,zen3 me5 ban4,what's to be done
叫做,jiao4 zuo4,to be called; to be known as
单位,dan1 wei4,"unit (of measure)/unit (group of people as a whole)/work unit (place of employment, esp. in the PRC prior to economic reform)/CL:個|个[ge4]"
名单,ming2 dan1,list of names
电影,dian4 ying3,"movie; film/CL:部[bu4],片[pian4],幕[mu4],場|场[chang3]"
电影院,dian4 ying3 yuan4,"cinema; movie theater/CL:家[jia1],座[zuo4]"
名字,ming2 zi5,name (of a person or thing)/CL:個|个[ge4]
数字,shu4 zi4,numeral/digit/number/figure/amount/digital (electronics etc)/CL:個|个[ge4]
爱好,ai4 hao4,to like; to be fond of; to take pleasure in; to be keen on/interest; hobby/CL:個|个[ge4]
爱人,ai4 ren5,spouse (PRC)/lover (non-PRC)/CL:個|个[ge4]
爱情,ai4 qing2,romance; love (romantic)/CL:份[fen4]
可爱,ke3 ai4,adorable/cute/lovely
流行,liu2 xing2,"(of a contagious disease etc) to spread/to propagate/(of a style of clothing, song etc) popular/fashionable"
准备,zhun3 bei4,preparation/to prepare/to intend/to be about to/reserve (fund)
商场,shang1 chang3,shopping mall/shopping center/department store/emporium/CL:家[jia1]/the business world
商人,shang1 ren2,merchant/businessman
商量,shang1 liang5,to consult/to talk over/to discuss
打算,da3 suan4,to plan/to intend/to calculate/plan/intention/calculation/CL:個|个[ge4]
计算机,ji4 suan4 ji1,computer/(Tw) calculator/CL:臺|台[tai2]
百色,Bai3 se4,Baise prefecture-level city in Guangxi/former pr. [Bo2 se4]
百色,Bo4 se4,Bose or Baise prefecture-level city in Guangxi
高级,gao1 ji2,high level/high grade/advanced/high-ranking
年级,nian2 ji2,"grade/year (in school, college etc)/CL:個|个[ge4]"
中级,zhong1 ji2,middle level (in a hierarchy)
离开,li2 kai1,to depart; to leave
请问,qing3 wen4,"Excuse me, may I ask...?"
请进,qing3 jin4,"""please come in"""
请求,qing3 qiu2,to request; to ask/request (CL:個|个[ge4])
国际,guo2 ji4,international
实际,shi2 ji4,reality/practice/practical/realistic/real/actual
表示,biao3 shi4,to express/to show/to say/to state/to indicate/to mean
重复,chong2 fu4,to repeat/to duplicate/CL:個|个[ge4]
重复,chong2 fu4,variant of 重複|重复[chong2 fu4]
病人,bing4 ren2,sick person/patient/invalid/CL:個|个[ge4]
看病,kan4 bing4,to visit a doctor/to see a patient
生病,sheng1 bing4,to fall ill
信息,xin4 xi1,information/news/message
火车,huo3 che1,"train/CL:列[lie4],節|节[jie2],班[ban1],趟[tang4]"
满意,man3 yi4,satisfied/pleased/to one's satisfaction
不满,bu4 man3,resentful/discontented/dissatisfied
电视,dian4 shi4,"television; TV/CL:臺|台[tai2],個|个[ge4]"
电视机,dian4 shi4 ji1,television set/CL:臺|台[tai2]
重视,zhong4 shi4,to attach importance to sth; to value
越来越,yue4 lai2 yue4,more and more
照相,zhao4 xiang4,to take a photograph
必须,bi4 xu1,to have to/must/compulsory/necessarily
听写,ting1 xie3,(of a pupil) to write down (in a dictation exercise)/dictation/(music) to transcribe by ear
名称,ming2 cheng1,name (of a thing)/name (of an organization)
包子,bao1 zi5,bao (steamed stuffed bun)/CL:個|个[ge4]
面包,mian4 bao1,"bread/CL:片[pian4],袋[dai4],塊|块[kuai4]"
书包,shu1 bao1,"schoolbag/satchel/bookbag/CL:個|个[ge4],隻|只[zhi1]"
影片,ying3 pian4,a copy of a film/film; motion picture; movie/CL:部[bu4]
照片,zhao4 pian4,"photograph/picture/CL:張|张[zhang1],套[tao4],幅[fu2]"
年轻,nian2 qing1,young
早就,zao3 jiu4,already at an earlier time
早上,zao3 shang5,early morning/CL:個|个[ge4]
找到,zhao3 dao4,to find
找出,zhao3 chu1,to find/to search out
广场,guang3 chang3,public square; plaza
广告,guang3 gao4,to advertise/a commercial/advertisement/CL:項|项[xiang4]
好吃,hao3 chi1,tasty/delicious
好吃,hao4 chi1,to be fond of eating/to be gluttonous
地图,di4 tu2,"map/CL:張|张[zhang1],本[ben3]"
医生,yi1 sheng1,"doctor/CL:個|个[ge4],位[wei4],名[ming2]"
中医,Zhong1 yi1,traditional Chinese medical science/a doctor trained in Chinese medicine
医院,yi1 yuan4,"hospital/CL:所[suo3],家[jia1],座[zuo4]"
上周,shang4 zhou1,last week
周年,zhou1 nian2,anniversary/annual
外语,wai4 yu3,foreign language/CL:門|门[men2]
英语,Ying1 yu3,English (language)
语言,yu3 yan2,"language/CL:門|门[men2],種|种[zhong3]"
考生,kao3 sheng1,exam candidate/student whose name has been put forward for an exam
青年,qing1 nian2,youth/youthful years/young person/the young
青少年,qing1 shao4 nian2,adolescent/youth/teenager
随时,sui2 shi2,at any time; at all times/at the right time; whenever necessary
随便,sui2 bian4,as one wishes/as one pleases/at random/negligent/casual/wanton
红色,hong2 se4,red (color)/revolutionary
影响,ying3 xiang3,influence/effect/to influence/to affect (usually adversely)/to disturb/CL:股[gu3]
虽然,sui1 ran2,although; even though (often used correlatively with 可是[ke3 shi4] or 但是[dan4 shi4] etc)
参加,can1 jia1,to participate/to take part/to join
参观,can1 guan1,to look around/to tour/to visit
房子,fang2 zi5,"house/building (single- or two-story)/apartment/room/CL:棟|栋[dong4],幢[zhuang4],座[zuo4],套[tao4],間|间[jian1]"
住房,zhu4 fang2,housing
房间,fang2 jian1,"room/CL:間|间[jian1],個|个[ge4]"
一半,yi1 ban4,half
半年,ban4 nian2,half a year
节日,jie2 ri4,holiday/festival/CL:個|个[ge4]
节目,jie2 mu4,"program/item (on a program)/CL:臺|台[tai2],個|个[ge4],套[tao4]"
黑色,hei1 se4,black
计划,ji4 hua4,"plan/project/program/to plan/to map out/CL:個|个[ge4],項|项[xiang4]"
态度,tai4 du5,manner/bearing/attitude/approach/CL:個|个[ge4]
护照,hu4 zhao4,"passport/CL:本[ben3],個|个[ge4]"
高兴,gao1 xing4,happy/glad/willing (to do sth)/in a cheerful mood
女孩,nu:3 hai2,girl; lass
孩子,hai2 zi5,child
小孩,xiao3 hai2,child/CL:個|个[ge4]
星期,xing1 qi1,week/CL:個|个[ge4]/day of the week/Sunday
星期天,Xing1 qi1 tian1,Sunday/CL:個|个[ge4]
星星,xing1 xing5,(coll.) a star; the stars in the sky
星期日,Xing1 qi1 ri4,Sunday/CL:個|个[ge4]
明星,ming2 xing1,star/celebrity
能够,neng2 gou4,to be capable of/to be able to/can
不够,bu4 gou4,not enough/insufficient/inadequate
音节,yin1 jie2,syllable
声音,sheng1 yin1,voice/sound/CL:個|个[ge4]
站住,zhan4 zhu4,to stand
车站,che1 zhan4,"rail station/bus stop/CL:處|处[chu4],個|个[ge4]"
例如,li4 ru2,for example/for instance/such as
例子,li4 zi5,case/(for) instance/example/CL:個|个[ge4]
留学生,liu2 xue2 sheng1,"student studying abroad/(foreign) exchange student/CL:個|个[ge4],位[wei4]"
留下,liu2 xia4,to leave behind/to stay behind/to remain/to keep/not to let (sb) go
讲话,jiang3 hua4,a speech/to speak/to talk/to address/CL:個|个[ge4]
听讲,ting1 jiang3,to attend a lecture/to listen to a talk
答应,da1 ying5,to answer; to respond/to answer positively; to agree; to accept; to promise
回答,hui2 da2,to reply; to answer/reply; answer
黄色,huang2 se4,yellow (color)/pornographic
北京,Bei3 jing1,"Beijing, capital of the People's Republic of China"
故事,gu4 shi4,old practice
故事,gu4 shi5,narrative; story; tale
故意,gu4 yi4,deliberately; on purpose
请客,qing3 ke4,to give a dinner party/to entertain guests/to invite to dinner
不客气,bu4 ke4 qi5,you're welcome/don't mention it/impolite/rude/blunt
客人,ke4 ren2,visitor/guest/customer/client/CL:位[wei4]
举手,ju3 shou3,to raise a hand/to put up one's hand (as signal)
举行,ju3 xing2,"to hold (a meeting, ceremony etc)"
友好,You3 hao3,"Youhao district of Yichun city 伊春市[Yi1 chun1 shi4], Heilongjiang"
友好,you3 hao3,friendly; amicable/close friend
告诉,gao4 su4,to press charges; to file a complaint
告诉,gao4 su5,to tell; to inform; to let know
愿意,yuan4 yi4,to wish/to want/ready/willing (to do sth)
千年,qian1 nian2,millennium
千克,qian1 ke4,kilogram
男人,nan2 ren2,a man/a male/men/CL:個|个[ge4]
男生,nan2 sheng1,schoolboy/male student/boy/guy (young adult male)
男孩,nan2 hai2,boy/CL:個|个[ge4]
钱包,qian2 bao1,purse/wallet
网上,wang3 shang4,online
上网,shang4 wang3,"to go online/to connect to the Internet/(of a document etc) to be uploaded to the Internet/(tennis, volleyball etc) to move in close to the net"
热情,re4 qing2,cordial/enthusiastic/passion/passionate/passionately
体育场,ti3 yu4 chang3,"stadium/CL:個|个[ge4],座[zuo4]"
体育,ti3 yu4,sports/physical education
教育,jiao4 yu4,to educate/to teach/education
坐下,zuo4 xia5,to sit down
请坐,qing3 zuo4,"please, have a seat"
音乐会,yin1 yue4 hui4,concert/CL:場|场[chang3]
音乐,yin1 yue4,"music/CL:張|张[zhang1],曲[qu3],段[duan4]"
快乐,kuai4 le4,happy; joyful
刚才,gang1 cai2,just now/a moment ago
刚才,gang1 cai2,just now (variant of 剛才|刚才[gang1 cai2])
刚刚,gang1 gang5,just recently/just a moment ago
球场,qiu2 chang3,"stadium/sports ground/court/pitch/field/golf course/CL:個|个[ge4],處|处[chu4]"
打球,da3 qiu2,to play ball/to play with a ball
地球,di4 qiu2,the earth/CL:個|个[ge4]
球队,qiu2 dui4,"sports team (basketball, soccer, football etc)"
一般,yi1 ban1,same/ordinary/so-so/common/general/generally/in general
普通话,pu3 tong1 hua4,Mandarin (common language)/Putonghua (common speech of the Chinese language)/ordinary speech
普通,pu3 tong1,common/ordinary/general/average
可怕,ke3 pa4,awful/dreadful/fearful/formidable/frightful/scary/hideous/horrible/terrible/terribly
学校,xue2 xiao4,school/CL:所[suo3]
假期,jia4 qi1,vacation
放假,fang4 jia4,to have a holiday or vacation
请假,qing3 jia4,to request leave of absence
好久,hao3 jiu3,quite a while
多久,duo1 jiu3,(of time) how long?/(not) a long time
不久,bu4 jiu3,not long (after)/before too long/soon/soon after
不错,bu4 cuo4,correct/right/not bad/pretty good
打印,da3 yin4,to affix a seal/to stamp/to print out (with a printer)
晚上,wan3 shang5,evening/night/CL:個|个[ge4]/in the evening
考试,kao3 shi4,to take an exam/exam/CL:次[ci4]
拿到,na2 dao4,to get/to obtain
拿出,na2 chu1,to take out/to put out/to provide/to put forward (a proposal)/to come up with (evidence)
电脑,dian4 nao3,computer/CL:臺|台[tai2]
太阳,tai4 yang5,sun/CL:個|个[ge4]/abbr. for 太陽穴|太阳穴[tai4 yang2 xue2]
哪里,na3 li3,where?/somewhere/anywhere/wherever/nowhere (negative answer to question)/humble expression denying compliment/also written 哪裡|哪里
哪里,na3 li3,where?/somewhere/anywhere/wherever/nowhere (negative answer to question)/humble expression denying compliment
送给,song4 gei3,to send/to give as a present
药片,yao4 pian4,a (medicine) pill or tablet/CL:片[pian4]
药水,Yao4 shui3,"Yaksu in North Korea, near the border with Liaoning and Jiling province"
药水,yao4 shui3,medicine in liquid form/bottled medicine/lotion
合适,he2 shi4,suitable/fitting/appropriate
半夜,ban4 ye4,midnight/in the middle of the night
夜里,ye4 li5,during the night/at night/nighttime
食物,shi2 wu4,food/CL:種|种[zhong3]
学习,xue2 xi2,to learn/to study
实习,shi2 xi2,to practice/field work/to intern/internship
复习,fu4 xi2,to review/revision/CL:次[ci4]
复习,fu4 xi2,variant of 復習|复习[fu4 xi2]
排队,pai2 dui4,to line up
排球,pai2 qiu2,volleyball/CL:個|个[ge4]
喜欢,xi3 huan5,to like; to be fond of
多云,duo1 yun2,cloudy (meteorology)
游客,you2 ke4,traveler/tourist/(online gaming) guest player
句子,ju4 zi5,sentence/CL:個|个[ge4]
办公室,ban4 gong1 shi4,office/business premises/bureau/CL:間|间[jian1]
汉字,han4 zi4,Chinese character/CL:個|个[ge4]/Japanese: kanji/Korean: hanja/Vietnamese: hán tự
汉语,Han4 yu3,Chinese language/CL:門|门[men2]
信用卡,xin4 yong4 ka3,credit card
安静,an1 jing4,quiet/peaceful/calm
衣服,yi1 fu5,"clothes/CL:件[jian4],套[tao4]"
大衣,da4 yi1,overcoat/topcoat/cloak/CL:件[jian4]
检查,jian3 cha2,inspection/to examine/to inspect/CL:次[ci4]
差不多,cha4 bu5 duo1,almost/nearly/more or less/about the same/good enough/not bad
角度,jiao3 du4,angle/point of view
妈妈,ma1 ma5,"mama/mommy/mother/CL:個|个[ge4],位[wei4]"
读书,du2 shu1,to read a book/to study/to attend school
读音,du2 yin1,pronunciation/literary (rather than colloquial) pronunciation of a Chinese character
超过,chao1 guo4,to surpass/to exceed/to outstrip
超市,chao1 shi4,supermarket (abbr. for 超級市場|超级市场[chao1 ji2 shi4 chang3])/CL:家[jia1]
银行,yin2 hang2,"bank/CL:家[jia1],個|个[ge4]"
银行卡,yin2 hang2 ka3,bank card/ATM card
帮助,bang1 zhu4,assistance/aid/to help/to assist
地铁站,di4 tie3 zhan4,subway station
地铁,di4 tie3,underground railway; subway/subway train
左边,zuo3 bian5,left/the left side/to the left of
右边,you4 bian5,"right side/right, to the right"
月份,yue4 fen4,month
一块,yi1 kuai4,one block/one piece/one (unit of money)/together/in the same place/in company
哥哥,ge1 ge5,"older brother/CL:個|个[ge4],位[wei4]"
顾客,gu4 ke4,client/customer/CL:位[wei4]
照顾,zhao4 gu5,to take care of/to show consideration/to attend to/to look after
弟弟,di4 di5,"younger brother/CL:個|个[ge4],位[wei4]"
帮忙,bang1 mang2,to help/to lend a hand/to do a favor/to do a good turn
小姐,xiao3 jie5,"young lady/miss/(slang) prostitute/CL:個|个[ge4],位[wei4]"
姐姐,jie3 jie5,older sister/CL:個|个[ge4]
坏人,huai4 ren2,bad person/villain
坏处,huai4 chu5,harm/troubles/CL:個|个[ge4]
讨论,tao3 lun4,to discuss; to talk over
月亮,yue4 liang5,the moon
永远,yong3 yuan3,forever/eternal
清楚,qing1 chu5,clear/distinct/to understand thoroughly/to be clear about
气温,qi4 wen1,air temperature/CL:個|个[ge4]
楼上,lou2 shang4,upstairs/(Internet slang) previous poster in a forum thread
楼下,lou2 xia4,downstairs
教学楼,jiao4 xue2 lou2,teaching block/school building
朋友,peng2 you5,"friend/CL:個|个[ge4],位[wei4]"
老朋友,lao3 peng2 you5,old friend/(slang) period/menstruation
小朋友,xiao3 peng2 you3,child/CL:個|个[ge4]
女朋友,nu:3 peng2 you5,girlfriend
交朋友,jiao1 peng2 you5,to make friends/(dialect) to start an affair with sb
男朋友,nan2 peng2 you5,boyfriend
画家,hua4 jia1,painter/CL:個|个[ge4]
上班,shang4 ban1,to go to work/to be on duty/to start work/to go to the office
下班,xia4 ban1,to finish work/to get off work
班长,ban1 zhang3,class monitor/squad leader/team leader/CL:個|个[ge4]
短信,duan3 xin4,text message/SMS
谢谢,xie4 xie5,to thank/thanks/thank you
感谢,gan3 xie4,(express) thanks/gratitude/grateful/thankful/thanks
分钟,fen1 zhong1,minute
车票,che1 piao4,ticket (for a bus or train)
门票,men2 piao4,"ticket (for theater, cinema etc)"
机票,ji1 piao4,air ticket/passenger ticket/CL:張|张[zhang1]
忽然,hu1 ran2,suddenly; all of a sudden
春节,Chun1 jie2,Spring Festival (Chinese New Year)
春天,chun1 tian1,spring (season)/CL:個|个[ge4]
礼物,li3 wu4,"gift; present/CL:件[jian4],個|个[ge4],份[fen4]"
下雨,xia4 yu3,to rain
黑板,hei1 ban3,"blackboard/CL:塊|块[kuai4],個|个[ge4]"
家庭,jia1 ting2,"family/household/CL:戶|户[hu4],個|个[ge4]"
眼睛,yan3 jing5,"eye/CL:隻|只[zhi1],雙|双[shuang1]"
做饭,zuo4 fan4,to prepare a meal/to cook
米饭,mi3 fan4,(cooked) rice
吃饭,chi1 fan4,to have a meal/to eat/to make a living
早饭,zao3 fan4,"breakfast/CL:份[fen4],頓|顿[dun4],次[ci4],餐[can1]"
晚饭,wan3 fan4,"evening meal/dinner/supper/CL:份[fen4],頓|顿[dun4],次[ci4],餐[can1]"
一路顺风,yi1 lu4 shun4 feng1,to have a pleasant journey (idiom)
顺利,shun4 li4,smoothly; without a hitch
加油,jia1 you2,to add oil/to top up with gas/to refuel/to accelerate/to step on the gas/(fig.) to make an extra effort/to cheer sb on
旅行,lu:3 xing2,"to travel/journey; trip/CL:趟[tang4],次[ci4]"
旅客,lu:3 ke4,traveler/tourist
旅游,lu:3 you2,trip/journey/tourism/travel/tour/to travel
笔记,bi3 ji4,to take down (in writing)/notes/a type of literature consisting mainly of short sketches/CL:本[ben3]
笔记本,bi3 ji4 ben3,notebook (stationery)/CL:本[ben3]/notebook (computing)
词语,ci2 yu3,word (general term including monosyllables through to short phrases)/term (e.g. technical term)/expression
生词,sheng1 ci2,"new word (in textbook)/word that is unfamiliar or not yet studied/CL:組|组[zu3],個|个[ge4]"
睡觉,shui4 jiao4,to go to bed/to sleep
健康,jian4 kang1,health/healthy
旁边,pang2 bian1,side; adjacent place
阴天,yin1 tian1,cloudy day; overcast sky
动物园,dong4 wu4 yuan2,zoo/CL:個|个[ge4]
花园,hua1 yuan2,"garden/CL:座[zuo4],個|个[ge4]"
公园,gong1 yuan2,"park (for public recreation)/CL:個|个[ge4],座[zuo4]"
上午,shang4 wu3,morning/CL:個|个[ge4]
下午,xia4 wu3,afternoon/CL:個|个[ge4]/p.m.
午饭,wu3 fan4,"lunch/CL:份[fen4],頓|顿[dun4],次[ci4],餐[can1]"
练习,lian4 xi2,to practice/exercise/drill/practice/CL:個|个[ge4]
爷爷,ye2 ye5,(coll.) father's father/paternal grandfather/CL:個|个[ge4]
图书馆,tu2 shu1 guan3,"library/CL:家[jia1],個|个[ge4]"
体育馆,ti3 yu4 guan3,gym/gymnasium/stadium/CL:個|个[ge4]
饭馆,fan4 guan3,restaurant/CL:家[jia1]
报纸,bao4 zhi3,"newspaper/newsprint/CL:份[fen4],期[qi1],張|张[zhang1]"
酒店,jiu3 dian4,wine shop/pub (public house)/hotel/restaurant/(Tw) hostess club
饭店,fan4 dian4,"restaurant/hotel/CL:家[jia1],個|个[ge4]"
药店,yao4 dian4,pharmacy
商店,shang1 dian4,"store/shop/CL:家[jia1],個|个[ge4]"
书店,shu1 dian4,bookstore/CL:家[jia1]
字典,zi4 dian3,"Chinese character dictionary (containing entries for single characters, contrasted with a 詞典|词典[ci2 dian3], which has entries for words of one or more characters)/(coll.) dictionary/CL:本[ben3]"
词典,ci2 dian3,"dictionary/also written 辭典|辞典[ci2 dian3]/CL:部[bu4],本[ben3]"
爸爸,ba4 ba5,"(informal) father/CL:個|个[ge4],位[wei4]"
忘记,wang4 ji4,to forget
起床,qi3 chuang2,to get out of bed/to get up
欢迎,huan1 ying2,to welcome/welcome
开玩笑,kai1 wan2 xiao4,to play a joke/to make fun of/to joke
好玩,hao3 wan2,amusing/fun/interesting
好玩,hao4 wan2,to be playful/to be fond of one's fun
努力,nu3 li4,to make an effort; to try hard; to strive/hard-working; conscientious
休息,xiu1 xi5,rest/to rest
休假,xiu1 jia4,to go on vacation; to have a holiday; to take leave
绿色,lu:4 se4,green
姓名,xing4 ming2,surname and given name/full name
秋天,qiu1 tian1,autumn/CL:個|个[ge4]
周末,zhou1 mo4,weekend
妹妹,mei4 mei5,younger sister/young woman/CL:個|个[ge4]
蓝色,lan2 se4,blue (color)
桌子,zhuo1 zi5,"table/desk/CL:張|张[zhang1],套[tao4]"
汽车,qi4 che1,car/automobile/bus/CL:輛|辆[liang4]
公共汽车,gong1 gong4 qi4 che1,"bus/CL:輛|辆[liang4],班[ban1]"
课文,ke4 wen2,text/CL:篇[pian1]
课堂,ke4 tang2,classroom/CL:間|间[jian1]
下课,xia4 ke4,to finish class/to get out of class/(fig.) (esp. of a sports coach) to be dismissed/to be fired
课本,ke4 ben3,textbook/CL:本[ben3]
上课,shang4 ke4,to go to class/to attend class/to go to teach a class
懂得,dong3 de5,to understand; to know; to comprehend
介绍,jie4 shao4,to introduce (sb to sb)/to give a presentation/to present (sb for a job etc)/introduction
洗手间,xi3 shou3 jian1,toilet/lavatory/washroom
唱歌,chang4 ge1,to sing a song
咱们,zan2 men5,we or us (including both the speaker and the person(s) spoken to)/(dialect) I or me/(dialect) (in a coaxing or familiar way) you/also pr. [za2 men5]
菜单,cai4 dan1,"menu/CL:份[fen4],張|张[zhang1]"
菜地,cai4 di4,vegetable field
奶奶,nai3 nai5,(informal) grandma (paternal grandmother)/(respectful) mistress of the house/CL:位[wei4]/(coll.) boobies/breasts
牛奶,niu2 nai3,"cow's milk/CL:瓶[ping2],杯[bei1]"
便宜,bian4 yi2,convenient
便宜,pian2 yi5,cheap/inexpensive/small advantages/to let sb off lightly
零下,ling2 xia4,below zero
碰见,peng4 jian4,to run into/to meet (unexpectedly)/to bump into
碰到,peng4 dao4,to come across/to run into/to meet/to hit
车辆,che1 liang4,vehicle
干净,gan1 jing4,clean/neat
冬天,dong1 tian1,winter/CL:個|个[ge4]
早晨,zao3 chen2,early morning/CL:個|个[ge4]/also pr. [zao3 chen5]
鸡蛋,ji1 dan4,"(chicken) egg/hen's egg/CL:個|个[ge4],打[da2]"
干杯,gan1 bei1,to drink a toast/Cheers! (proposing a toast)/Here's to you!/Bottoms up!/lit. dry cup
杯子,bei1 zi5,"cup/glass/CL:個|个[ge4],隻|只[zhi1]"
出租,chu1 zu1,to rent
出租车,chu1 zu1 che1,taxi/(Tw) rental car
爬山,pa2 shan1,to climb a mountain/to mountaineer/hiking/mountaineering
舒服,shu1 fu5,comfortable/feeling well
中餐,zhong1 can1,"lunch/Chinese meal/Chinese food/CL:份[fen4],頓|顿[dun4]"
早餐,zao3 can1,"breakfast/CL:份[fen4],頓|顿[dun4],次[ci4]"
快餐,kuai4 can1,fast food/snack/quick meal
昨天,zuo2 tian1,yesterday
颜色,yan2 se4,color/countenance/appearance/facial expression/pigment/dyestuff
成绩,cheng2 ji4,"achievement/performance records/grades/CL:項|项[xiang4],個|个[ge4]"
漂亮,piao4 liang5,pretty/beautiful
球鞋,qiu2 xie2,athletic shoes
椅子,yi3 zi5,"chair/CL:把[ba3],套[tao4]"
瓶子,ping2 zi5,bottle/CL:個|个[ge4]
公斤,gong1 jin1,kilogram (kg)
晴天,qing2 tian1,clear sky/sunny day
篮球,lan2 qiu2,"basketball/CL:個|个[ge4],隻|只[zhi1]"
筷子,kuai4 zi5,"chopsticks/CL:對|对[dui4],根[gen1],把[ba3],雙|双[shuang1]"
饺子,jiao3 zi5,"dumpling/pot-sticker/CL:個|个[ge4],隻|只[zhi1]"
